{
  "ckpt": "student/runs/vocos/best.pt",
  "arch": "vocos",
  "step": 14000,
  "n": 125,
  "PESQ_NB": 2.896677755355835,
  "PESQ_NB_g711": 2.8898995361328126,
  "MCD_dB": 10.837738479614258,
  "MCD_dB_g711": 10.849763038635254
}